2024-11-01_18-42-12,000%,2024-11-01_18-42-12:shell.ts.log;2024-11-01_18-42-12:student.ts.log
2024-11-01_19-16-03,100%,2024-11-01_19-16-03:shell.ts.log;2024-11-01_19-16-03:student.ts.log
2024-11-01_19-16-44,000%,2024-11-01_19-16-44:shell.ts.log;2024-11-01_19-16-44:student.ts.log
2024-11-01_19-18-17,000%,2024-11-01_19-18-17:shell.ts.log;2024-11-01_19-18-17:student.ts.log
2024-11-01_19-19-11,000%,2024-11-01_19-19-11:shell.ts.log;2024-11-01_19-19-11:student.ts.log
2024-11-01_19-19-52,250%,2024-11-01_19-19-52:shell.ts.log;2024-11-01_19-19-52:student.ts.log
2024-11-01_19-20-47,250%,2024-11-01_19-20-47:shell.ts.log;2024-11-01_19-20-47:student.ts.log
2024-11-01_19-21-20,250%,2024-11-01_19-21-20:shell.ts.log;2024-11-01_19-21-20:student.ts.log
2024-11-01_19-22-02,250%,2024-11-01_19-22-02:shell.ts.log;2024-11-01_19-22-02:student.ts.log
2024-11-01_19-22-36,250%,2024-11-01_19-22-36:shell.ts.log;2024-11-01_19-22-36:student.ts.log
2024-11-01_19-23-30,250%,2024-11-01_19-23-30:shell.ts.log;2024-11-01_19-23-30:student.ts.log
2024-11-01_19-23-48,500%,2024-11-01_19-23-48:shell.ts.log;2024-11-01_19-23-48:student.ts.log
2024-11-01_19-24-13,500%,2024-11-01_19-24-13:shell.ts.log;2024-11-01_19-24-13:student.ts.log
2024-11-01_19-25-29,100%,2024-11-01_19-25-29:shell.ts.log;2024-11-01_19-25-29:student.ts.log
2024-11-01_19-25-55,FREE,2024-11-01_19-25-29:shell.ts.log;2024-11-01_19-25-29:student.ts.log
2024-11-01_19-31-12,100%,2024-11-01_19-31-12:shell.ts.log;2024-11-01_19-31-12:student.ts.log
2024-11-01_19-31-21,FREE,2024-11-01_19-31-12:shell.ts.log;2024-11-01_19-31-12:student.ts.log
